date,guild,score
2026-04-04,Nínelives,16
2026-04-04,BrigadePhantom,1
2026-04-04,EMH-Shogunate,1
2026-04-04,Jardin-Lunaire,1
2026-04-04,NhatNguyet,1
2026-04-04,Sanctuarys,1
2026-04-04,Star·Bound,1
2026-04-04,Toronto,1
2026-04-04,ASWANG,12
2026-04-04,COBAKA,37
2026-04-04,Comfy,12
2026-04-04,Iridium,16
2026-04-04,Liberty-City,10
2026-04-04,Melancolypse,17
2026-04-04,VN-HoàngKim,28
2026-04-04,Visual,12
2026-04-04,AfterFlame,18
2026-04-04,BlackFurry,51
2026-04-04,Clandestine,51
2026-04-04,Jasmin'Tea,13
2026-04-04,CobraKai,18
2026-04-04,Jenova,17
2026-04-04,Ħao,12
2026-04-04,連燈,28
2026-04-04,KALYANMITR,12
2026-04-04,会Ashura,40
2026-04-04,AdriftWanderes,36
2026-04-04,Zhou,17
2026-04-04,Echoes-of-Sin,24
2026-04-04,The-Inner-Ways,15
2026-04-04,Party-Crashers,17
2026-04-04,Mutiny,33
2026-04-04,Velocity,34
2026-04-04,Hellsing(SEA),25
2026-04-04,MoonlitPath,14
2026-04-04,Pleasure Seekers (OCE/SEA),19
2026-04-04,Dragons-Heirs,31
2026-04-04,Imperialis,17
2026-04-04,DanmeiSect,15
2026-04-04,Tethys,23
2026-04-04,LimitedEdition,24
2026-04-04,TigreEcarlate,40
2026-04-04,Desolate,16
2026-04-04,Mountains,42
2026-04-05,SHlTMAN,1
2026-04-05,FBI,1
2026-04-05,MoonRiver,1
2026-04-05,MiaoMeow,2
2026-04-05,Hishaku,2
2026-04-05,BrigadePhantom,1
2026-04-05,EMH-Shogunate,1
2026-04-05,Jardin-Lunaire,1
2026-04-05,NhatNguyet,1
2026-04-05,Sanctuarys,1
2026-04-05,Star·Bound,1
2026-04-05,Toronto,1
2026-04-05,ASWANG,12
2026-04-05,COBAKA,44
2026-04-05,Comfy,12
2026-04-05,Iridium,16
2026-04-05,Liberty-City,10
2026-04-05,Melancolypse,17
2026-04-05,VN-HoàngKim,28
2026-04-05,Visual,12
2026-04-05,AfterFlame,18
2026-04-05,BlackFurry,72
2026-04-05,Clandestine,60
2026-04-05,Jasmin'Tea,13
2026-04-05,CobraKai,18
2026-04-05,Jenova,17
2026-04-05,Ħao,12
2026-04-05,連燈,31
2026-04-05,KALYANMITR,12
2026-04-05,会Ashura,41
2026-04-05,AdriftWanderes,36
2026-04-05,Zhou,17
2026-04-05,Echoes-of-Sin,24
2026-04-05,The-Inner-Ways,15
2026-04-05,Party-Crashers,17
2026-04-05,Mutiny,33
2026-04-05,Velocity,34
2026-04-05,Hellsing(SEA),26
2026-04-05,MoonlitPath,14
2026-04-05,Pleasure Seekers (OCE/SEA),19
2026-04-05,Dragons-Heirs,35
2026-04-05,Imperialis,17
2026-04-05,DanmeiSect,15
2026-04-05,Tethys,23
2026-04-05,LimitedEdition,24
2026-04-05,TigreEcarlate,47
2026-04-05,Desolate,16
2026-04-05,Mountains,62
2026-04-05,Nínelives,18
2026-04-06,GuangDong,1
2026-04-06,Diva,1
2026-04-06,SHlTMAN,1
2026-04-06,FBI,1
2026-04-06,MoonRiver,1
2026-04-06,MiaoMeow,2
2026-04-06,Hishaku,2
2026-04-06,BrigadePhantom,1
2026-04-06,EMH-Shogunate,1
2026-04-06,Jardin-Lunaire,1
2026-04-06,NhatNguyet,1
2026-04-06,Sanctuarys,1
2026-04-06,Star·Bound,1
2026-04-06,Toronto,1
2026-04-06,ASWANG,12
2026-04-06,COBAKA,47
2026-04-06,Comfy,12
2026-04-06,Iridium,16
2026-04-06,Liberty-City,11
2026-04-06,Melancolypse,18
2026-04-06,VN-HoàngKim,28
2026-04-06,Visual,12
2026-04-06,AfterFlame,18
2026-04-06,BlackFurry,72
2026-04-06,Clandestine,63
2026-04-06,Jasmin'Tea,14
2026-04-06,CobraKai,18
2026-04-06,Jenova,17
2026-04-06,Ħao,12
2026-04-06,連燈,31
2026-04-06,KALYANMITR,12
2026-04-06,会Ashura,41
2026-04-06,AdriftWanderes,36
2026-04-06,Zhou,17
2026-04-06,Echoes-of-Sin,24
2026-04-06,The-Inner-Ways,15
2026-04-06,Party-Crashers,17
2026-04-06,Mutiny,34
2026-04-06,Velocity,34
2026-04-06,Hellsing(SEA),29
2026-04-06,MoonlitPath,14
2026-04-06,Pleasure Seekers (OCE/SEA),19
2026-04-06,Dragons-Heirs,35
2026-04-06,Imperialis,17
2026-04-06,DanmeiSect,15
2026-04-06,Tethys,23
2026-04-06,LimitedEdition,24
2026-04-06,TigreEcarlate,47
2026-04-06,Desolate,16
2026-04-06,Mountains,62
2026-04-06,Nínelives,21
2026-04-06,Kapwa,13
2026-04-06,Celestial Dawn,13
2026-04-06,WITCHERS [10248427,15
2026-04-06,Paragon,22
2026-04-07,GuangDong,1
2026-04-07,Diva,1
2026-04-07,SHlTMAN,1
2026-04-07,FBI,1
2026-04-07,MoonRiver,1
2026-04-07,MiaoMeow,2
2026-04-07,Hishaku,2
2026-04-07,BrigadePhantom,1
2026-04-07,EMH-Shogunate,1
2026-04-07,Jardin-Lunaire,1
2026-04-07,NhatNguyet,1
2026-04-07,Sanctuarys,1
2026-04-07,Star·Bound,1
2026-04-07,Toronto,1
2026-04-07,ASWANG,12
2026-04-07,COBAKA,44
2026-04-07,Comfy,12
2026-04-07,Iridium,16
2026-04-07,Liberty-City,11
2026-04-07,Melancolypse,18
2026-04-07,VN-HoàngKim,28
2026-04-07,Visual,14
2026-04-07,AfterFlame,18
2026-04-07,BlackFurry,67
2026-04-07,Clandestine,62
2026-04-07,Jasmin'Tea,14
2026-04-07,CobraKai,18
2026-04-07,Jenova,17
2026-04-07,Ħao,12
2026-04-07,連燈,31
2026-04-07,KALYANMITR,12
2026-04-07,会Ashura,41
2026-04-07,AdriftWanderes,36
2026-04-07,Zhou,17
2026-04-07,Echoes-of-Sin,24
2026-04-07,The-Inner-Ways,15
2026-04-07,Party-Crashers,17
2026-04-07,Mutiny,34
2026-04-07,Velocity,34
2026-04-07,Hellsing(SEA),28
2026-04-07,MoonlitPath,14
2026-04-07,Pleasure Seekers (OCE/SEA),19
2026-04-07,Dragons-Heirs,35
2026-04-07,Imperialis,17
2026-04-07,DanmeiSect,15
2026-04-07,Tethys,23
2026-04-07,LimitedEdition,24
2026-04-07,TigreEcarlate,44
2026-04-07,Desolate,16
2026-04-07,Mountains,58
2026-04-07,Nínelives,21
2026-04-07,Kapwa,13
2026-04-07,CelestialDawn,13
2026-04-07,Paragon,28
2026-04-07,WITCHERS,21
2026-04-08,GuangDong,1
2026-04-08,Diva,1
2026-04-08,SHlTMAN,1
2026-04-08,FBI,1
2026-04-08,MoonRiver,1
2026-04-08,MiaoMeow,2
2026-04-08,Hishaku,2
2026-04-08,BrigadePhantom,1
2026-04-08,EMH-Shogunate,1
2026-04-08,Jardin-Lunaire,1
2026-04-08,NhatNguyet,1
2026-04-08,Sanctuarys,1
2026-04-08,Star·Bound,1
2026-04-08,Toronto,1
2026-04-08,ASWANG,12
2026-04-08,COBAKA,44
2026-04-08,Comfy,12
2026-04-08,Iridium,16
2026-04-08,Liberty-City,11
2026-04-08,Melancolypse,18
2026-04-08,VN-HoàngKim,28
2026-04-08,Visual,14
2026-04-08,AfterFlame,18
2026-04-08,BlackFurry,69
2026-04-08,Clandestine,62
2026-04-08,Jasmin'Tea,14
2026-04-08,CobraKai,18
2026-04-08,Jenova,17
2026-04-08,Ħao,12
2026-04-08,連燈,31
2026-04-08,KALYANMITR,12
2026-04-08,会Ashura,41
2026-04-08,AdriftWanderes,36
2026-04-08,Zhou,17
2026-04-08,Echoes-of-Sin,24
2026-04-08,The-Inner-Ways,15
2026-04-08,Party-Crashers,17
2026-04-08,Mutiny,34
2026-04-08,Velocity,34
2026-04-08,Hellsing(SEA),28
2026-04-08,MoonlitPath,14
2026-04-08,Pleasure Seekers (OCE/SEA),19
2026-04-08,Dragons-Heirs,35
2026-04-08,Imperialis,17
2026-04-08,DanmeiSect,15
2026-04-08,Tethys,23
2026-04-08,LimitedEdition,24
2026-04-08,TigreEcarlate,44
2026-04-08,Desolate,16
2026-04-08,Mountains,58
2026-04-08,Nínelives,21
2026-04-08,Kapwa,13
2026-04-08,CelestialDawn,13
2026-04-08,Paragon,28
2026-04-08,WITCHERS,22
2026-04-09,UndyingEmbers,2
2026-04-09,GuangDong,1
2026-04-09,Diva,1
2026-04-09,SHlTMAN,1
2026-04-09,FBI,1
2026-04-09,MoonRiver,1
2026-04-09,MiaoMeow,2
2026-04-09,Hishaku,2
2026-04-09,BrigadePhantom,1
2026-04-09,EMH-Shogunate,1
2026-04-09,Jardin-Lunaire,1
2026-04-09,NhatNguyet,1
2026-04-09,Sanctuarys,1
2026-04-09,Star·Bound,1
2026-04-09,Toronto,1
2026-04-09,ASWANG,12
2026-04-09,COBAKA,50
2026-04-09,Comfy,12
2026-04-09,Iridium,16
2026-04-09,Liberty-City,13
2026-04-09,Melancolypse,18
2026-04-09,VN-HoàngKim,28
2026-04-09,Visual,14
2026-04-09,AfterFlame,20
2026-04-09,BlackFurry,69
2026-04-09,Clandestine,62
2026-04-09,Jasmin'Tea,16
2026-04-09,CobraKai,20
2026-04-09,Jenova,17
2026-04-09,Ħao,12
2026-04-09,連燈,31
2026-04-09,KALYANMITR,12
2026-04-09,会Ashura,41
2026-04-09,AdriftWanderes,40
2026-04-09,Zhou,17
2026-04-09,Echoes-of-Sin,24
2026-04-09,The-Inner-Ways,15
2026-04-09,Party-Crashers,17
2026-04-09,Mutiny,34
2026-04-09,Velocity,34
2026-04-09,Hellsing(SEA),28
2026-04-09,MoonlitPath,14
2026-04-09,Pleasure Seekers (OCE/SEA),19
2026-04-09,Dragons-Heirs,35
2026-04-09,Imperialis,17
2026-04-09,DanmeiSect,15
2026-04-09,Tethys,23
2026-04-09,LimitedEdition,24
2026-04-09,TigreEcarlate,44
2026-04-09,Desolate,16
2026-04-09,Mountains,58
2026-04-09,Nínelives,21
2026-04-09,Kapwa,13
2026-04-09,CelestialDawn,13
2026-04-09,Paragon,28
2026-04-09,WITCHERS,31
2026-04-10,UndyingEmbers,2
2026-04-10,GuangDong,1
2026-04-10,Diva,1
2026-04-10,SHlTMAN,1
2026-04-10,FBI,1
2026-04-10,MoonRiver,1
2026-04-10,MiaoMeow,2
2026-04-10,Hishaku,2
2026-04-10,BrigadePhantom,1
2026-04-10,EMH-Shogunate,1
2026-04-10,Jardin-Lunaire,1
2026-04-10,NhatNguyet,1
2026-04-10,Sanctuarys,1
2026-04-10,Star·Bound,1
2026-04-10,Toronto,1
2026-04-10,ASWANG,12
2026-04-10,COBAKA,50
2026-04-10,Comfy,12
2026-04-10,Iridium,16
2026-04-10,Liberty-City,13
2026-04-10,Melancolypse,18
2026-04-10,VN-HoàngKim,28
2026-04-10,Visual,14
2026-04-10,AfterFlame,20
2026-04-10,BlackFurry,69
2026-04-10,Clandestine,62
2026-04-10,Jasmin'Tea,16
2026-04-10,CobraKai,20
2026-04-10,Jenova,17
2026-04-10,Ħao,12
2026-04-10,連燈,31
2026-04-10,KALYANMITR,12
2026-04-10,会Ashura,41
2026-04-10,AdriftWanderes,40
2026-04-10,Zhou,17
2026-04-10,Echoes-of-Sin,24
2026-04-10,The-Inner-Ways,15
2026-04-10,Party-Crashers,17
2026-04-10,Mutiny,34
2026-04-10,Velocity,34
2026-04-10,Hellsing(SEA),28
2026-04-10,MoonlitPath,14
2026-04-10,Pleasure Seekers (OCE/SEA),19
2026-04-10,Dragons-Heirs,36
2026-04-10,Imperialis,17
2026-04-10,DanmeiSect,15
2026-04-10,Tethys,23
2026-04-10,LimitedEdition,24
2026-04-10,TigreEcarlate,44
2026-04-10,Desolate,16
2026-04-10,Mountains,58
2026-04-10,Nínelives,21
2026-04-10,Kapwa,13
2026-04-10,CelestialDawn,13
2026-04-10,Paragon,28
2026-04-10,WITCHERS,35
2026-04-11,UndyingEmbers,2
2026-04-11,GuangDong,1
2026-04-11,Diva,1
2026-04-11,SHlTMAN,1
2026-04-11,FBI,1
2026-04-11,MoonRiver,1
2026-04-11,MiaoMeow,2
2026-04-11,Hishaku,2
2026-04-11,BrigadePhantom,1
2026-04-11,EMH-Shogunate,1
2026-04-11,Jardin-Lunaire,1
2026-04-11,NhatNguyet,1
2026-04-11,Sanctuarys,1
2026-04-11,Star·Bound,1
2026-04-11,Toronto,1
2026-04-11,WITCHERS,35
2026-04-11,Paragon,28
2026-04-11,Kapwa,13
2026-04-11,CelestialDawn,13
2026-04-11,NíneLives,21
2026-04-11,Mountains,58
2026-04-11,Desolate,18
2026-04-11,TigreEcarlate,44
2026-04-11,Tethys,23
2026-04-11,LimitedEdition,24
2026-04-11,連燈,31
2026-04-11,Imperialis,17
2026-04-11,DanmeiSect,15
2026-04-11,Clandestine,62
2026-04-11,Pleasure Seekers (OCE/SEA),19
2026-04-11,Dragons-Heirs,36
2026-04-11,MoonlitPath,14
2026-04-11,Hellsing(SEA),28
2026-04-11,AdriftWanderes,40
2026-04-11,BlackFurry,69
2026-04-11,VN-HoàngKim,28
2026-04-11,Velocity,34
2026-04-11,Mutiny,34
2026-04-11,Party-Crashers,17
2026-04-11,Echoes-of-Sin,24
2026-04-11,The-Inner-Ways,15
2026-04-11,Zhou,17
2026-04-11,会Ashura,41
2026-04-11,KALYANMITR,12
2026-04-11,Iridium,16
2026-04-11,Visual,14
2026-04-11,Melancolypse,18
2026-04-11,Ħao,12
2026-04-11,Comfy,12
2026-04-11,ASWANG,12
2026-04-11,Liberty-City,13
2026-04-11,Jasmin'Tea,16
2026-04-11,AfterFlame,20
2026-04-11,COBAKA,50
2026-04-11,CobraKai,20
2026-04-11,Jenova,17
2026-04-11,PurrfectCats,3
2026-04-11,Mooncakes,3
2026-04-11,雅韻翩然,3
2026-04-12,UndyingEmbers,2
2026-04-12,GuangDong,1
2026-04-12,Diva,1
2026-04-12,SHlTMAN,1
2026-04-12,FBI,1
2026-04-12,MoonRiver,1
2026-04-12,MiaoMeow,2
2026-04-12,Hishaku,2
2026-04-12,BrigadePhantom,1
2026-04-12,EMH-Shogunate,1
2026-04-12,Jardin-Lunaire,1
2026-04-12,NhatNguyet,1
2026-04-12,Sanctuarys,1
2026-04-12,Star·Bound,1
2026-04-12,Toronto,1
2026-04-12,WITCHERS,43
2026-04-12,Paragon,31
2026-04-12,Kapwa,13
2026-04-12,CelestialDawn,13
2026-04-12,NíneLives,21
2026-04-12,Mountains,66
2026-04-12,Desolate,19
2026-04-12,TigreEcarlate,47
2026-04-12,Tethys,23
2026-04-12,LimitedEdition,24
2026-04-12,連燈,34
2026-04-12,Imperialis,17
2026-04-12,DanmeiSect,15
2026-04-12,Clandestine,63
2026-04-12,Pleasure Seekers (OCE/SEA),23
2026-04-12,Dragons-Heirs,38
2026-04-12,MoonlitPath,14
2026-04-12,Hellsing(SEA),29
2026-04-12,AdriftWanderes,42
2026-04-12,BlackFurry,82
2026-04-12,VN-HoàngKim,28
2026-04-12,Velocity,34
2026-04-12,Mutiny,34
2026-04-12,Party-Crashers,18
2026-04-12,Echoes-of-Sin,24
2026-04-12,The-Inner-Ways,15
2026-04-12,Zhou,17
2026-04-12,会Ashura,42
2026-04-12,KALYANMITR,12
2026-04-12,Iridium,16
2026-04-12,Visual,14
2026-04-12,Melancolypse,18
2026-04-12,Ħao,12
2026-04-12,Comfy,12
2026-04-12,ASWANG,12
2026-04-12,Liberty-City,13
2026-04-12,Jasmin'Tea,16
2026-04-12,AfterFlame,20
2026-04-12,COBAKA,53
2026-04-12,CobraKai,20
2026-04-12,Jenova,17
2026-04-12,PurrfectCats,3
2026-04-12,Mooncakes,5
2026-04-12,雅韻翩然,3
2026-04-12,ASMONGLERS,8
2026-04-12,GGK,3
2026-04-12,Kitty,7
2026-04-12,AzureBlossoms  (10215400),10
2026-04-13,UndyingEmbers,2
2026-04-13,GuangDong,1
2026-04-13,Diva,1
2026-04-13,SHlTMAN,1
2026-04-13,FBI,1
2026-04-13,MoonRiver,1
2026-04-13,MiaoMeow,2
2026-04-13,Hishaku,2
2026-04-13,BrigadePhantom,1
2026-04-13,EMH-Shogunate,1
2026-04-13,Jardin-Lunaire,1
2026-04-13,NhatNguyet,1
2026-04-13,Sanctuarys,1
2026-04-13,Star·Bound,1
2026-04-13,Toronto,1
2026-04-13,WITCHERS,43
2026-04-13,Paragon,31
2026-04-13,Kapwa,13
2026-04-13,CelestialDawn,13
2026-04-13,NíneLives,21
2026-04-13,Mountains,66
2026-04-13,Desolate,19
2026-04-13,TigreEcarlate,47
2026-04-13,Tethys,23
2026-04-13,LimitedEdition,24
2026-04-13,連燈,34
2026-04-13,Imperialis,17
2026-04-13,DanmeiSect,15
2026-04-13,Clandestine,63
2026-04-13,Pleasure Seekers (OCE/SEA),23
2026-04-13,Dragons-Heirs,38
2026-04-13,MoonlitPath,14
2026-04-13,Hellsing(SEA),29
2026-04-13,AdriftWanderes,42
2026-04-13,BlackFurry,82
2026-04-13,VN-HoàngKim,28
2026-04-13,Velocity,34
2026-04-13,Mutiny,34
2026-04-13,Party-Crashers,18
2026-04-13,Echoes-of-Sin,24
2026-04-13,The-Inner-Ways,15
2026-04-13,Zhou,17
2026-04-13,会Ashura,42
2026-04-13,KALYANMITR,12
2026-04-13,Iridium,16
2026-04-13,Visual,14
2026-04-13,Melancolypse,18
2026-04-13,Ħao,12
2026-04-13,Comfy,12
2026-04-13,ASWANG,12
2026-04-13,Liberty-City,13
2026-04-13,Jasmin'Tea,16
2026-04-13,AfterFlame,20
2026-04-13,COBAKA,53
2026-04-13,CobraKai,20
2026-04-13,Jenova,17
2026-04-13,PurrfectCats,3
2026-04-13,Mooncakes,5
2026-04-13,雅韻翩然,3
2026-04-13,ASMONGLERS,11
2026-04-13,GGK,6
2026-04-13,Kitty,10
2026-04-13,AzureBlossoms,13
2026-04-14,AzureQilin,2
2026-04-14,Heavenly Sage,2
2026-04-14,UndyingEmbers,2
2026-04-14,GuangDong,1
2026-04-14,Diva,1
2026-04-14,SHlTMAN,1
2026-04-14,FBI,1
2026-04-14,MoonRiver,1
2026-04-14,MiaoMeow,2
2026-04-14,Hishaku,2
2026-04-14,BrigadePhantom,1
2026-04-14,EMH-Shogunate,1
2026-04-14,Jardin-Lunaire,1
2026-04-14,NhatNguyet,1
2026-04-14,Sanctuarys,1
2026-04-14,Star·Bound,1
2026-04-14,Toronto,1
2026-04-14,WITCHERS,48
2026-04-14,Paragon,33
2026-04-14,Kapwa,15
2026-04-14,CelestialDawn,18
2026-04-14,NíneLives,26
2026-04-14,Mountains,66
2026-04-14,Desolate,19
2026-04-14,TigreEcarlate,47
2026-04-14,Tethys,23
2026-04-14,LimitedEdition,24
2026-04-14,連燈,34
2026-04-14,Imperialis,19
2026-04-14,DanmeiSect,17
2026-04-14,Clandestine,68
2026-04-14,Pleasure Seekers (OCE/SEA),28
2026-04-14,Dragons-Heirs,38
2026-04-14,MoonlitPath,14
2026-04-14,Hellsing(SEA),29
2026-04-14,AdriftWanderes,42
2026-04-14,BlackFurry,89
2026-04-14,VN-HoàngKim,30
2026-04-14,Velocity,38
2026-04-14,Mutiny,35
2026-04-14,Party-Crashers,21
2026-04-14,Echoes-of-Sin,24
2026-04-14,The-Inner-Ways,15
2026-04-14,Zhou,17
2026-04-14,会Ashura,45
2026-04-14,KALYANMITR,14
2026-04-14,Iridium,16
2026-04-14,Visual,14
2026-04-14,Melancolypse,19
2026-04-14,Ħao,14
2026-04-14,Comfy,12
2026-04-14,ASWANG,14
2026-04-14,Liberty-City,14
2026-04-14,Jasmin'Tea,17
2026-04-14,AfterFlame,22
2026-04-14,COBAKA,56
2026-04-14,CobraKai,20
2026-04-14,Jenova,20
2026-04-14,PurrfectCats,6
2026-04-14,Mooncakes,9
2026-04-14,雅韻翩然,6
2026-04-14,Hogwarts atmaFC Funcorp SEA,7
2026-04-14,ASMONGLERS,14
2026-04-14,GGK,14
2026-04-14,Kitty,17
2026-04-14,AzureBlossoms,19
2026-04-14,SHAMELESS,60
2026-04-15,Bonsai,1
2026-04-15,TheBigEgg,1
2026-04-15,x-Void-x,1
2026-04-15,CastAway,1
2026-04-15,AzureQilin,2
2026-04-15,Heavenly Sage,2
2026-04-15,UndyingEmbers,2
2026-04-15,GuangDong,1
2026-04-15,Diva,1
2026-04-15,SHlTMAN,1
2026-04-15,FBI,1
2026-04-15,MoonRiver,1
2026-04-15,MiaoMeow,2
2026-04-15,Hishaku,2
2026-04-15,BrigadePhantom,1
2026-04-15,EMH-Shogunate,1
2026-04-15,Jardin-Lunaire,1
2026-04-15,NhatNguyet,1
2026-04-15,Sanctuarys,1
2026-04-15,Star·Bound,1
2026-04-15,Toronto,1
2026-04-15,WITCHERS,48
2026-04-15,Paragon,33
2026-04-15,Kapwa,15
2026-04-15,CelestialDawn,18
2026-04-15,NíneLives,30
2026-04-15,Mountains,74
2026-04-15,Desolate,19
2026-04-15,TigreEcarlate,47
2026-04-15,Tethys,23
2026-04-15,LimitedEdition,24
2026-04-15,連燈,34
2026-04-15,Imperialis,19
2026-04-15,DanmeiSect,17
2026-04-15,Clandestine,67
2026-04-15,Pleasure Seekers (OCE/SEA),28
2026-04-15,Dragons-Heirs,38
2026-04-15,MoonlitPath,14
2026-04-15,Hellsing(SEA),29
2026-04-15,AdriftWanderes,42
2026-04-15,BlackFurry,92
2026-04-15,VN-HoàngKim,30
2026-04-15,Velocity,38
2026-04-15,Mutiny,35
2026-04-15,Party-Crashers,27
2026-04-15,Echoes-of-Sin,24
2026-04-15,The-Inner-Ways,15
2026-04-15,Zhou,17
2026-04-15,会Ashura,53
2026-04-15,KALYANMITR,15
2026-04-15,Iridium,16
2026-04-15,Visual,14
2026-04-15,Melancolypse,19
2026-04-15,Ħao,14
2026-04-15,Comfy,12
2026-04-15,ASWANG,14
2026-04-15,Liberty-City,14
2026-04-15,Jasmin'Tea,17
2026-04-15,AfterFlame,22
2026-04-15,COBAKA,56
2026-04-15,CobraKai,20
2026-04-15,Jenova,20
2026-04-15,PurrfectCats,10
2026-04-15,Mooncakes,13
2026-04-15,雅韻翩然,12
2026-04-15,Hogwarts atmaFC Funcorp SEA,9
2026-04-15,ASMONGLERS,17
2026-04-15,GGK,18
2026-04-15,Kitty,19
2026-04-15,AzureBlossoms,22
2026-04-15,SHAMELESS,81
2026-04-15,GoldenOrcas,14
2026-04-15,天下一家,10
2026-04-16,Bonsai,1
2026-04-16,TheBigEgg,1
2026-04-16,x-Void-x,1
2026-04-16,CastAway,1
2026-04-16,AzureQilin,2
2026-04-16,Heavenly Sage,2
2026-04-16,UndyingEmbers,2
2026-04-16,GuangDong,1
2026-04-16,Diva,1
2026-04-16,SHlTMAN,1
2026-04-16,FBI,1
2026-04-16,MoonRiver,1
2026-04-16,MiaoMeow,2
2026-04-16,Hishaku,2
2026-04-16,BrigadePhantom,1
2026-04-16,EMH-Shogunate,1
2026-04-16,Jardin-Lunaire,1
2026-04-16,NhatNguyet,1
2026-04-16,Sanctuarys,1
2026-04-16,Star·Bound,1
2026-04-16,Toronto,1
2026-04-16,WITCHERS,48
2026-04-16,Paragon,39
2026-04-16,Kapwa,15
2026-04-16,CelestialDawn,18
2026-04-16,NíneLives,30
2026-04-16,Mountains,86
2026-04-16,Desolate,19
2026-04-16,TigreEcarlate,47
2026-04-16,Tethys,23
2026-04-16,LimitedEdition,24
2026-04-16,連燈,34
2026-04-16,Imperialis,19
2026-04-16,DanmeiSect,17
2026-04-16,Clandestine,67
2026-04-16,Pleasure Seekers (OCE/SEA),28
2026-04-16,Dragons-Heirs,38
2026-04-16,MoonlitPath,14
2026-04-16,Hellsing(SEA),30
2026-04-16,AdriftWanderes,42
2026-04-16,BlackFurry,100
2026-04-16,VN-HoàngKim,30
2026-04-16,Velocity,44
2026-04-16,Mutiny,39
2026-04-16,Party-Crashers,27
2026-04-16,Echoes-of-Sin,25
2026-04-16,The-Inner-Ways,19
2026-04-16,Zhou,18
2026-04-16,会Ashura,53
2026-04-16,KALYANMITR,15
2026-04-16,Iridium,17
2026-04-16,Visual,14
2026-04-16,Melancolypse,20
2026-04-16,Ħao,15
2026-04-16,Comfy,12
2026-04-16,ASWANG,15
2026-04-16,Liberty-City,15
2026-04-16,Jasmin'Tea,18
2026-04-16,AfterFlame,24
2026-04-16,COBAKA,62
2026-04-16,CobraKai,21
2026-04-16,Jenova,20
2026-04-16,PurrfectCats,11
2026-04-16,Mooncakes,14
2026-04-16,雅韻翩然,13
2026-04-16,Hogwarts atmaFC Funcorp SEA,9
2026-04-16,ASMONGLERS,17
2026-04-16,GGK,21
2026-04-16,Kitty,19
2026-04-16,AzureBlossoms,22
2026-04-16,SHAMELESS,81
2026-04-16,GoldenOrcas,24
2026-04-16,天下一家,18
2026-04-16,SoloLevelFish,9
2026-04-16,The Loveless,18
2026-04-16,Exiled,7
2026-04-17,Bonsai,1
2026-04-17,TheBigEgg,1
2026-04-17,x-Void-x,1
2026-04-17,CastAway,1
2026-04-17,AzureQilin,2
2026-04-17,Heavenly Sage,2
2026-04-17,UndyingEmbers,2
2026-04-17,GuangDong,1
2026-04-17,Diva,1
2026-04-17,SHlTMAN,1
2026-04-17,FBI,1
2026-04-17,MoonRiver,1
2026-04-17,MiaoMeow,2
2026-04-17,Hishaku,2
2026-04-17,BrigadePhantom,1
2026-04-17,EMH-Shogunate,1
2026-04-17,Jardin-Lunaire,1
2026-04-17,NhatNguyet,1
2026-04-17,Sanctuarys,1
2026-04-17,Star·Bound,1
2026-04-17,Toronto,1
2026-04-17,WITCHERS,50
2026-04-17,Paragon,43
2026-04-17,Kapwa,17
2026-04-17,CelestialDawn,20
2026-04-17,NíneLives,30
2026-04-17,Mountains,86
2026-04-17,Desolate,19
2026-04-17,TigreEcarlate,47
2026-04-17,Tethys,23
2026-04-17,LimitedEdition,24
2026-04-17,連燈,36
2026-04-17,Imperialis,21
2026-04-17,DanmeiSect,19
2026-04-17,Clandestine,67
2026-04-17,Pleasure Seekers (OCE/SEA),28
2026-04-17,Dragons-Heirs,38
2026-04-17,MoonlitPath,14
2026-04-17,Hellsing(SEA),30
2026-04-17,AdriftWanderes,48
2026-04-17,BlackFurry,108
2026-04-17,VN-HoàngKim,32
2026-04-17,Velocity,48
2026-04-17,Mutiny,39
2026-04-17,Party-Crashers,27
2026-04-17,Echoes-of-Sin,25
2026-04-17,Zhou,18
2026-04-17,会Ashura,53
2026-04-17,KALYANMITR,15
2026-04-17,Iridium,17
2026-04-17,Visual,14
2026-04-17,Melancolypse,20
2026-04-17,Ħao,15
2026-04-17,Comfy,12
2026-04-17,ASWANG,15
2026-04-17,Liberty-City,15
2026-04-17,Jasmin'Tea,18
2026-04-17,AfterFlame,27
2026-04-17,COBAKA,64
2026-04-17,CobraKai,21
2026-04-17,Jenova,20
2026-04-17,PurrfectCats,11
2026-04-17,Mooncakes,14
2026-04-17,雅韻翩然,13
2026-04-17,Hogwarts atmaFC Funcorp SEA,9
2026-04-17,ASMONGLERS,8
2026-04-17,GGK,21
2026-04-17,Kitty,19
2026-04-17,AzureBlossoms,22
2026-04-17,SHAMELESS,95
2026-04-17,GoldenOrcas,26
2026-04-17,天下一家,18
2026-04-17,SoloLevelFish,11
2026-04-17,The Loveless,24
2026-04-17,Exiled,13
2026-04-17,The Inner Ways,25
2026-04-17,RoninLegacy,20
2026-04-18,MacDandChill,1
2026-04-18,DimsumDaily,2
2026-04-18,Only-Fans,1
2026-04-18,Infinite,2
2026-04-18,Bonsai,1
2026-04-18,TheBigEgg,1
2026-04-18,x-Void-x,1
2026-04-18,CastAway,1
2026-04-18,AzureQilin,2
2026-04-18,Heavenly Sage,2
2026-04-18,UndyingEmbers,2
2026-04-18,GuangDong,1
2026-04-18,Diva,1
2026-04-18,SHlTMAN,1
2026-04-18,FBI,1
2026-04-18,MoonRiver,1
2026-04-18,MiaoMeow,2
2026-04-18,Hishaku,2
2026-04-18,BrigadePhantom,1
2026-04-18,EMH-Shogunate,1
2026-04-18,Jardin-Lunaire,1
2026-04-18,NhatNguyet,1
2026-04-18,Sanctuarys,1
2026-04-18,Star·Bound,1
2026-04-18,Toronto,1
2026-04-18,WITCHERS,54
2026-04-18,Paragon,47
2026-04-18,Kapwa,17
2026-04-18,CelestialDawn,20
2026-04-18,NíneLives,39
2026-04-18,Mountains,90
2026-04-18,Desolate,19
2026-04-18,TigreEcarlate,47
2026-04-18,Tethys,23
2026-04-18,LimitedEdition,24
2026-04-18,連燈,36
2026-04-18,Imperialis,21
2026-04-18,DanmeiSect,22
2026-04-18,Clandestine,74
2026-04-18,Pleasure Seekers (OCE/SEA),32
2026-04-18,Dragons-Heirs,41
2026-04-18,MoonlitPath,14
2026-04-18,Hellsing(SEA),30
2026-04-18,AdriftWanderes,48
2026-04-18,BlackFurry,126
2026-04-18,VN-HoàngKim,33
2026-04-18,Velocity,48
2026-04-18,Mutiny,44
2026-04-18,Party-Crashers,27
2026-04-18,Echoes-of-Sin,25
2026-04-18,Zhou,18
2026-04-18,会Ashura,58
2026-04-18,KALYANMITR,15
2026-04-18,Iridium,17
2026-04-18,Visual,14
2026-04-18,Melancolypse,20
2026-04-18,Comfy,12
2026-04-18,ASWANG,15
2026-04-18,Liberty-City,15
2026-04-18,Jasmin'Tea,18
2026-04-18,AfterFlame,33
2026-04-18,COBAKA,66
2026-04-18,CobraKai,21
2026-04-18,Jenova,20
2026-04-18,PurrfectCats,11
2026-04-18,Mooncakes,22
2026-04-18,雅韻翩然,18
2026-04-18,Hogwarts atmaFC Funcorp SEA,10
2026-04-18,ASMONGLERS,18
2026-04-18,GGK,33
2026-04-18,Kitty,23
2026-04-18,AzureBlossoms,23
2026-04-18,SHAMELESS,111
2026-04-18,GoldenOrcas,47
2026-04-18,天下一家,19
2026-04-18,SoloLevelFish,12
2026-04-18,The Loveless,31
2026-04-18,Exiled,16
2026-04-18,The Inner Ways,36
2026-04-18,RoninLegacy,27
2026-04-18,HAO,19
2026-04-18,CoZodiaC,18
2026-04-18,墨雨樓,4
2026-04-18,WhereSpeedRuns,7
2026-04-18,L'Akatsuki,4
2026-04-18,WhoInventedYou,1
2026-04-19,CloudPath,1
2026-04-19,ALLSTARS,2
2026-04-19,LeafSide,1
2026-04-19,YAKUZA,1
2026-04-19,Singapore,1
2026-04-19,Clouds,1
2026-04-19,MacDandChill,1
2026-04-19,DimsumDaily,2
2026-04-19,Only-Fans,1
2026-04-19,Infinite,2
2026-04-19,Bonsai,1
2026-04-19,TheBigEgg,1
2026-04-19,x-Void-x,1
2026-04-19,CastAway,1
2026-04-19,AzureQilin,2
2026-04-19,Heavenly Sage,2
2026-04-19,UndyingEmbers,2
2026-04-19,GuangDong,1
2026-04-19,Diva,1
2026-04-19,SHlTMAN,1
2026-04-19,FBI,1
2026-04-19,MoonRiver,1
2026-04-19,MiaoMeow,2
2026-04-19,Hishaku,2
2026-04-19,BrigadePhantom,1
2026-04-19,EMH-Shogunate,1
2026-04-19,Jardin-Lunaire,1
2026-04-19,NhatNguyet,1
2026-04-19,Sanctuarys,1
2026-04-19,Star·Bound,1
2026-04-19,Toronto,1
2026-04-19,WITCHERS,70
2026-04-19,Paragon,64
2026-04-19,Kapwa,32
2026-04-19,CelestialDawn,35
2026-04-19,NíneLives,57
2026-04-19,Mountains,109
2026-04-19,Desolate,35
2026-04-19,TigreEcarlate,70
2026-04-19,Tethys,40
2026-04-19,LimitedEdition,47
2026-04-19,連燈,52
2026-04-19,Imperialis,44
2026-04-19,DanmeiSect,45
2026-04-19,Clandestine,91
2026-04-19,Pleasure Seekers (OCE/SEA),60
2026-04-19,Dragons-Heirs,58
2026-04-19,MoonlitPath,14
2026-04-19,Hellsing(SEA),45
2026-04-19,AdriftWanderes,63
2026-04-19,BlackFurry,153
2026-04-19,VN-HoàngKim,48
2026-04-19,Velocity,63
2026-04-19,Mutiny,59
2026-04-19,Party-Crashers,45
2026-04-19,Echoes-of-Sin,40
2026-04-19,Zhou,33
2026-04-19,会Ashura,92
2026-04-19,KALYANMITR,30
2026-04-19,Iridium,32
2026-04-19,Visual,30
2026-04-19,Melancolypse,38
2026-04-19,Comfy,29
2026-04-19,ASWANG,15
2026-04-19,Liberty-City,38
2026-04-19,Jasmin'Tea,41
2026-04-19,AfterFlame,48
2026-04-19,COBAKA,81
2026-04-19,CobraKai,21
2026-04-19,Jenova,35
2026-04-19,PurrfectCats,26
2026-04-19,Mooncakes,39
2026-04-19,雅韻翩然,35
2026-04-19,Hogwarts atmaFC Funcorp SEA,25
2026-04-19,ASMONGLERS,36
2026-04-19,GGK,49
2026-04-19,Kitty,38
2026-04-19,AzureBlossoms,38
2026-04-19,SHAMELESS,151
2026-04-19,GoldenOrcas,69
2026-04-19,天下一家,34
2026-04-19,SoloLevelFish,35
2026-04-19,The Loveless,52
2026-04-19,Exiled,31
2026-04-19,The Inner Ways,59
2026-04-19,RoninLegacy,42
2026-04-19,HAO,34
2026-04-19,CoZodiaC,41
2026-04-19,墨雨樓,22
2026-04-19,WhereSpeedRuns,28
2026-04-19,L'Akatsuki,22
2026-04-19,WhoInventedYou,24
2026-04-20,10206350,1
2026-04-20,Kindreds,1
2026-04-20,Centerra,16
2026-04-20,RONIN-EMPIRE,2
2026-04-20,CloudPath,1
2026-04-20,ALLSTARS,2
2026-04-20,LeafSide,1
2026-04-20,YAKUZA,1
2026-04-20,Singapore,1
2026-04-20,Clouds,1
2026-04-20,MacDandChill,1
2026-04-20,DimsumDaily,2
2026-04-20,Only-Fans,1
2026-04-20,Infinite,2
2026-04-20,Bonsai,1
2026-04-20,TheBigEgg,1
2026-04-20,x-Void-x,1
2026-04-20,CastAway,1
2026-04-20,AzureQilin,2
2026-04-20,Heavenly Sage,32
2026-04-20,UndyingEmbers,2
2026-04-20,GuangDong,1
2026-04-20,Diva,1
2026-04-20,SHlTMAN,1
2026-04-20,FBI,1
2026-04-20,MoonRiver,1
2026-04-20,MiaoMeow,2
2026-04-20,Hishaku,2
2026-04-20,BrigadePhantom,1
2026-04-20,EMH-Shogunate,1
2026-04-20,Jardin-Lunaire,1
2026-04-20,NhatNguyet,1
2026-04-20,Sanctuarys,1
2026-04-20,Star·Bound,1
2026-04-20,Toronto,1
2026-04-20,WITCHERS,70
2026-04-20,Paragon,64
2026-04-20,Kapwa,32
2026-04-20,CelestialDawn,35
2026-04-20,NíneLives,57
2026-04-20,Mountains,115
2026-04-20,Desolate,38
2026-04-20,TigreEcarlate,70
2026-04-20,Tethys,58
2026-04-20,LimitedEdition,62
2026-04-20,連燈,52
2026-04-20,Imperialis,47
2026-04-20,DanmeiSect,45
2026-04-20,Clandestine,91
2026-04-20,Pleasure Seekers (OCE/SEA),72
2026-04-20,Dragons-Heirs,61
2026-04-20,MoonlitPath,14
2026-04-20,Hellsing(SEA),45
2026-04-20,AdriftWanderes,63
2026-04-20,BlackFurry,157
2026-04-20,VN-HoàngKim,51
2026-04-20,Velocity,63
2026-04-20,Mutiny,59
2026-04-20,Party-Crashers,45
2026-04-20,Echoes-of-Sin,43
2026-04-20,Zhou,33
2026-04-20,会Ashura,92
2026-04-20,KALYANMITR,30
2026-04-20,Iridium,32
2026-04-20,Visual,33
2026-04-20,Melancolypse,38
2026-04-20,Comfy,29
2026-04-20,ASWANG,15
2026-04-20,Liberty-City,38
2026-04-20,Jasmin'Tea,41
2026-04-20,AfterFlame,48
2026-04-20,COBAKA,83
2026-04-20,CobraKai,21
2026-04-20,Jenova,38
2026-04-20,PurrfectCats,29
2026-04-20,Mooncakes,42
2026-04-20,雅韻翩然,47
2026-04-20,Hogwarts atmaFC Funcorp SEA,28
2026-04-20,ASMONGLERS,36
2026-04-20,GGK,66
2026-04-20,Kitty,44
2026-04-20,AzureBlossoms,38
2026-04-20,SHAMELESS,161
2026-04-20,GoldenOrcas,75
2026-04-20,天下一家,37
2026-04-20,SoloLevelFish,38
2026-04-20,The Loveless,58
2026-04-20,Exiled,31
2026-04-20,The Inner Ways,59
2026-04-20,RoninLegacy,45
2026-04-20,HAO,34
2026-04-20,CoZodiaC,41
2026-04-20,墨雨樓,25
2026-04-20,WhereSpeedRuns,31
2026-04-20,L'Akatsuki,31
2026-04-20,WhoInventedYou,27
2026-04-21,DrunkenFist,1
2026-04-21,SleepingHall,1
2026-04-21,AxiomOfWar,1
2026-04-21,bunny,2
2026-04-21,ShadowDrifters,1
2026-04-21,hotties,1
2026-04-21,10206350,1
2026-04-21,Kindreds,1
2026-04-21,Centerra,33
2026-04-21,RONIN-EMPIRE,2
2026-04-21,CloudPath,1
2026-04-21,ALLSTARS,2
2026-04-21,LeafSide,1
2026-04-21,YAKUZA,1
2026-04-21,Clouds,1
2026-04-21,MacDandChill,1
2026-04-21,DimsumDaily,2
2026-04-21,Only-Fans,1
2026-04-21,Infinite,2
2026-04-21,Bonsai,1
2026-04-21,TheBigEgg,1
2026-04-21,x-Void-x,1
2026-04-21,CastAway,1
2026-04-21,AzureQilin,2
2026-04-21,Heavenly Sage,38
2026-04-21,UndyingEmbers,2
2026-04-21,GuangDong,1
2026-04-21,Diva,1
2026-04-21,SHlTMAN,1
2026-04-21,FBI,1
2026-04-21,MoonRiver,1
2026-04-21,MiaoMeow,2
2026-04-21,Hishaku,2
2026-04-21,BrigadePhantom,1
2026-04-21,EMH-Shogunate,1
2026-04-21,Jardin-Lunaire,1
2026-04-21,NhatNguyet,1
2026-04-21,Sanctuarys,1
2026-04-21,Star·Bound,1
2026-04-21,Toronto,1
2026-04-21,WITCHERS,74
2026-04-21,Paragon,67
2026-04-21,Kapwa,32
2026-04-21,CelestialDawn,35
2026-04-21,NíneLives,60
2026-04-21,Mountains,140
2026-04-21,Desolate,41
2026-04-21,TigreEcarlate,70
2026-04-21,Tethys,73
2026-04-21,LimitedEdition,63
2026-04-21,連燈,70
2026-04-21,Imperialis,50
2026-04-21,DanmeiSect,45
2026-04-21,Clandestine,96
2026-04-21,Pleasure Seekers (OCE/SEA),73
2026-04-21,Dragons-Heirs,61
2026-04-21,MoonlitPath,14
2026-04-21,Hellsing(SEA),45
2026-04-21,AdriftWanderes,63
2026-04-21,BlackFurry,176
2026-04-21,VN-HoàngKim,51
2026-04-21,Velocity,63
2026-04-21,Mutiny,59
2026-04-21,Party-Crashers,45
2026-04-21,Echoes-of-Sin,43
2026-04-21,Zhou,33
2026-04-21,会Ashura,108
2026-04-21,KALYANMITR,30
2026-04-21,Iridium,32
2026-04-21,Visual,33
2026-04-21,Melancolypse,38
2026-04-21,Comfy,29
2026-04-21,ASWANG,15
2026-04-21,Liberty-City,38
2026-04-21,Jasmin'Tea,41
2026-04-21,AfterFlame,48
2026-04-21,COBAKA,86
2026-04-21,CobraKai,21
2026-04-21,Jenova,38
2026-04-21,PurrfectCats,29
2026-04-21,Mooncakes,42
2026-04-21,雅韻翩然,50
2026-04-21,Hogwarts atmaFC Funcorp SEA,28
2026-04-21,ASMONGLERS,40
2026-04-21,GGK,72
2026-04-21,Kitty,48
2026-04-21,AzureBlossoms,38
2026-04-21,SHAMELESS,171
2026-04-21,GoldenOrcas,99
2026-04-21,天下一家,40
2026-04-21,SoloLevelFish,38
2026-04-21,The Loveless,58
2026-04-21,Exiled,32
2026-04-21,The Inner Ways,122
2026-04-21,RoninLegacy,45
2026-04-21,HAO,34
2026-04-21,CoZodiaC,41
2026-04-21,墨雨樓,28
2026-04-21,WhereSpeedRuns,33
2026-04-21,L'Akatsuki,33
2026-04-21,WhoInventedYou,27
2026-04-21,SNEJNAYA,114
2026-04-21,Nyghtshade Guild Showcase,10
2026-04-21,Singapore Guild Showcase,31
2026-04-22,Deified,1
2026-04-22,DrunkenFist,1
2026-04-22,SleepingHall,1
2026-04-22,AxiomOfWar,1
2026-04-22,Veil,4
2026-04-22,bunny,2
2026-04-22,ShadowDrifters,3
2026-04-22,hotties,1
2026-04-22,10206350,1
2026-04-22,Kindreds,1
2026-04-22,Centerra,32
2026-04-22,RONIN-EMPIRE,2
2026-04-22,CloudPath,1
2026-04-22,ALLSTARS,2
2026-04-22,LeafSide,1
2026-04-22,YAKUZA,1
2026-04-22,MacDandChill,1
2026-04-22,DimsumDaily,2
2026-04-22,Only-Fans,1
2026-04-22,Infinite,2
2026-04-22,Bonsai,1
2026-04-22,TheBigEgg,1
2026-04-22,x-Void-x,1
2026-04-22,CastAway,1
2026-04-22,AzureQilin,2
2026-04-22,Heavenly Sage,33
2026-04-22,UndyingEmbers,2
2026-04-22,GuangDong,1
2026-04-22,Diva,1
2026-04-22,SHlTMAN,1
2026-04-22,FBI,1
2026-04-22,MoonRiver,1
2026-04-22,MiaoMeow,2
2026-04-22,Hishaku,2
2026-04-22,EncoreEnTaule,1
2026-04-22,EMH-Shogunate,1
2026-04-22,Jardin-Lunaire,1
2026-04-22,NhatNguyet,1
2026-04-22,Sanctuarys,1
2026-04-22,Star·Bound,1
2026-04-22,Toronto,1
2026-04-22,WITCHERS,80
2026-04-22,Paragon,68
2026-04-22,Kapwa,31
2026-04-22,CelestialDawn,37
2026-04-22,NíneLives,59
2026-04-22,Mountains,126
2026-04-22,Desolate,37
2026-04-22,TigreEcarlate,59
2026-04-22,Tethys,72
2026-04-22,LimitedEdition,66
2026-04-22,連燈,72
2026-04-22,Imperialis,51
2026-04-22,DanmeiSect,48
2026-04-22,Clandestine,83
2026-04-22,Pleasure Seekers (OCE/SEA),70
2026-04-22,Dragons-Heirs,55
2026-04-22,MoonlitPath,14
2026-04-22,Hellsing(SEA),43
2026-04-22,AdriftWanderes,63
2026-04-22,BlackFurry,160
2026-04-22,VN-HoàngKim,53
2026-04-22,Velocity,61
2026-04-22,Mutiny,54
2026-04-22,Party-Crashers,46
2026-04-22,Echoes-of-Sin,46
2026-04-22,Zhou,34
2026-04-22,会Ashura,104
2026-04-22,KALYANMITR,30
2026-04-22,Iridium,32
2026-04-22,Visual,35
2026-04-22,Melancolypse,38
2026-04-22,Comfy,32
2026-04-22,ASWANG,15
2026-04-22,Liberty-City,42
2026-04-22,Jasmin'Tea,45
2026-04-22,AfterFlame,54
2026-04-22,COBAKA,79
2026-04-22,CobraKai,21
2026-04-22,Jenova,38
2026-04-22,PurrfectCats,29
2026-04-22,Mooncakes,42
2026-04-22,雅韻翩然,50
2026-04-22,Hogwarts atmaFC Funcorp SEA,27
2026-04-22,ASMONGLERS,37
2026-04-22,GGK,62
2026-04-22,Kitty,43
2026-04-22,AzureBlossoms,38
2026-04-22,SHAMELESS,160
2026-04-22,GoldenOrcas,78
2026-04-22,天下一家,39
2026-04-22,SoloLevelFish,40
2026-04-22,The Loveless,54
2026-04-22,Exiled,34
2026-04-22,The Inner Ways,94
2026-04-22,RoninLegacy,42
2026-04-22,HAO,35
2026-04-22,CoZodiaC,43
2026-04-22,墨雨樓,27
2026-04-22,WhereSpeedRuns,32
2026-04-22,L'Akatsuki,32
2026-04-22,WhoInventedYou,28
2026-04-22,SNEJNAYA,105
2026-04-22,Nyghtshade Guild Showcase,4
2026-04-22,Singapore Guild Showcase,34
2026-04-22,IronLotusCo,23
2026-04-22,Clouds,28
2026-04-22,Noodles,17
2026-04-22,Vivid,17
2026-04-23,LeafSide,2
2026-04-23,Inquisitors,1
2026-04-23,WarungKopi,1
2026-04-23,Deified,1
2026-04-23,DrunkenFist,1
2026-04-23,SleepingHall,1
2026-04-23,AxiomOfWar,1
2026-04-23,bunny,2
2026-04-23,ShadowDrifters,3
2026-04-23,hotties,1
2026-04-23,10206350,1
2026-04-23,Centerra,35
2026-04-23,RONIN-EMPIRE,2
2026-04-23,CloudPath,1
2026-04-23,ALLSTARS,2
2026-04-23,LeafSide,1
2026-04-23,YAKUZA,1
2026-04-23,MacDandChill,1
2026-04-23,DimsumDaily,2
2026-04-23,Only-Fans,1
2026-04-23,Infinite,2
2026-04-23,Bonsai,1
2026-04-23,TheBigEgg,1
2026-04-23,x-Void-x,1
2026-04-23,CastAway,1
2026-04-23,AzureQilin,2
2026-04-23,Heavenly Sage,36
2026-04-23,UndyingEmbers,2
2026-04-23,GuangDong,1
2026-04-23,Diva,1
2026-04-23,SHlTMAN,1
2026-04-23,FBI,1
2026-04-23,MoonRiver,1
2026-04-23,MiaoMeow,2
2026-04-23,Hishaku,2
2026-04-23,EncoreEnTaule,1
2026-04-23,EMH-Shogunate,1
2026-04-23,Jardin-Lunaire,1
2026-04-23,NhatNguyet,1
2026-04-23,Sanctuarys,1
2026-04-23,Star·Bound,1
2026-04-23,Toronto,1
2026-04-23,WITCHERS,90
2026-04-23,Paragon,68
2026-04-23,Kapwa,35
2026-04-23,CelestialDawn,38
2026-04-23,NíneLives,65
2026-04-23,Mountains,134
2026-04-23,Desolate,40
2026-04-23,TigreEcarlate,59
2026-04-23,Tethys,75
2026-04-23,LimitedEdition,66
2026-04-23,連燈,72
2026-04-23,Imperialis,51
2026-04-23,DanmeiSect,48
2026-04-23,Clandestine,93
2026-04-23,Pleasure Seekers (OCE/SEA),76
2026-04-23,Dragons-Heirs,55
2026-04-23,MoonlitPath,14
2026-04-23,Hellsing(SEA),46
2026-04-23,AdriftWanderes,66
2026-04-23,BlackFurry,180
2026-04-23,VN-HoàngKim,53
2026-04-23,Velocity,61
2026-04-23,Mutiny,54
2026-04-23,Party-Crashers,46
2026-04-23,Echoes-of-Sin,46
2026-04-23,Zhou,34
2026-04-23,会Ashura,109
2026-04-23,KALYANMITR,33
2026-04-23,Iridium,32
2026-04-23,Visual,35
2026-04-23,Melancolypse,38
2026-04-23,Comfy,32
2026-04-23,ASWANG,15
2026-04-23,Liberty-City,42
2026-04-23,Jasmin'Tea,45
2026-04-23,AfterFlame,58
2026-04-23,COBAKA,90
2026-04-23,CobraKai,21
2026-04-23,Jenova,50
2026-04-23,PurrfectCats,29
2026-04-23,Mooncakes,42
2026-04-23,雅韻翩然,50
2026-04-23,Hogwarts atmaFC Funcorp SEA,27
2026-04-23,ASMONGLERS,46
2026-04-23,GGK,68
2026-04-23,Kitty,43
2026-04-23,AzureBlossoms,41
2026-04-23,SHAMELESS,176
2026-04-23,GoldenOrcas,81
2026-04-23,天下一家,42
2026-04-23,SoloLevelFish,43
2026-04-23,The Loveless,57
2026-04-23,Exiled,41
2026-04-23,The Inner Ways,97
2026-04-23,RoninLegacy,45
2026-04-23,HAO,41
2026-04-23,CoZodiaC,46
2026-04-23,墨雨樓,32
2026-04-23,WhereSpeedRuns,35
2026-04-23,L'Akatsuki,36
2026-04-23,WhoInventedYou,31
2026-04-23,SNEJNAYA,108
2026-04-23,Nyghtshade Guild Showcase,4
2026-04-23,Singapore Guild Showcase,43
2026-04-23,IronLotusCo,29
2026-04-23,Clouds,46
2026-04-23,Noodles,30
2026-04-23,Vivid,64
2026-04-23,Kindreds,41
2026-04-23,Veil,61
2026-04-23,WonderBread,20
2026-04-24,LeafSide,2
2026-04-24,Inquisitors,1
2026-04-24,WarungKopi,1
2026-04-24,Deified,1
2026-04-24,DrunkenFist,1
2026-04-24,SleepingHall,1
2026-04-24,AxiomOfWar,1
2026-04-24,bunny,2
2026-04-24,ShadowDrifters,3
2026-04-24,hotties,1
2026-04-24,10206350,1
2026-04-24,Centerra,35
2026-04-24,RONIN-EMPIRE,2
2026-04-24,CloudPath,1
2026-04-24,ALLSTARS,2
2026-04-24,LeafSide,1
2026-04-24,YAKUZA,1
2026-04-24,MacDandChill,1
2026-04-24,DimsumDaily,2
2026-04-24,Only-Fans,1
2026-04-24,Infinite,2
2026-04-24,Bonsai,1
2026-04-24,TheBigEgg,1
2026-04-24,x-Void-x,1
2026-04-24,CastAway,1
2026-04-24,AzureQilin,2
2026-04-24,Heavenly Sage,36
2026-04-24,UndyingEmbers,2
2026-04-24,GuangDong,1
2026-04-24,Diva,1
2026-04-24,SHlTMAN,1
2026-04-24,FBI,1
2026-04-24,MoonRiver,1
2026-04-24,MiaoMeow,2
2026-04-24,Hishaku,2
2026-04-24,EncoreEnTaule,1
2026-04-24,EMH-Shogunate,1
2026-04-24,Jardin-Lunaire,1
2026-04-24,NhatNguyet,1
2026-04-24,Sanctuarys,1
2026-04-24,Star·Bound,1
2026-04-24,Toronto,1
2026-04-24,WITCHERS,90
2026-04-24,Paragon,68
2026-04-24,Kapwa,35
2026-04-24,CelestialDawn,38
2026-04-24,NíneLives,65
2026-04-24,Mountains,134
2026-04-24,Desolate,40
2026-04-24,TigreEcarlate,59
2026-04-24,Tethys,72
2026-04-24,LimitedEdition,66
2026-04-24,連燈,72
2026-04-24,Imperialis,51
2026-04-24,DanmeiSect,48
2026-04-24,Clandestine,93
2026-04-24,Pleasure Seekers (OCE/SEA),76
2026-04-24,Dragons-Heirs,55
2026-04-24,MoonlitPath,14
2026-04-24,Hellsing(SEA),46
2026-04-24,AdriftWanderes,66
2026-04-24,BlackFurry,180
2026-04-24,VN-HoàngKim,53
2026-04-24,Velocity,61
2026-04-24,Mutiny,54
2026-04-24,Party-Crashers,46
2026-04-24,Echoes-of-Sin,46
2026-04-24,Zhou,34
2026-04-24,会Ashura,109
2026-04-24,KALYANMITR,33
2026-04-24,Iridium,32
2026-04-24,Visual,35
2026-04-24,Melancolypse,38
2026-04-24,Comfy,32
2026-04-24,ASWANG,15
2026-04-24,Liberty-City,42
2026-04-24,Jasmin'Tea,45
2026-04-24,AfterFlame,58
2026-04-24,COBAKA,90
2026-04-24,CobraKai,21
2026-04-24,Jenova,50
2026-04-24,PurrfectCats,29
2026-04-24,Mooncakes,42
2026-04-24,雅韻翩然,50
2026-04-24,Hogwarts atmaFC Funcorp SEA,27
2026-04-24,ASMONGLERS,46
2026-04-24,GGK,68
2026-04-24,Kitty,43
2026-04-24,AzureBlossoms,41
2026-04-24,SHAMELESS,176
2026-04-24,GoldenOrcas,81
2026-04-24,天下一家,42
2026-04-24,SoloLevelFish,43
2026-04-24,The Loveless,57
2026-04-24,Exiled,41
2026-04-24,The Inner Ways,97
2026-04-24,RoninLegacy,45
2026-04-24,HAO,41
2026-04-24,CoZodiaC,46
2026-04-24,墨雨樓,32
2026-04-24,WhereSpeedRuns,35
2026-04-24,L'Akatsuki,36
2026-04-24,WhoInventedYou,31
2026-04-24,SNEJNAYA,108
2026-04-24,Nyghtshade Guild Showcase,4
2026-04-24,Singapore Guild Showcase,43
2026-04-24,IronLotusCo,29
2026-04-24,Clouds,46
2026-04-24,Noodles,30
2026-04-24,Vivid,64
2026-04-24,Kindreds,41
2026-04-24,Veil,61
2026-04-24,WonderBread,20
